<application>
  <component name="IgnoreSettings" missingGitignore="true" ignoredFileStatus="true" outerIgnoreRules="true" outerIgnoreWrapperHeight="161" starredTemplates="" unignoreActions="true" hideIgnoredFiles="false" notifyIgnoredEditing="true">
    <languages>
      <language id="Bazaar" NEW_FILE="true" ENABLE="true" />
      <language id="CloudFoundry" NEW_FILE="true" ENABLE="false" />
      <language id="Chef" NEW_FILE="true" ENABLE="false" />
      <language id="Cvs" NEW_FILE="true" ENABLE="true" />
      <language id="Darcs" NEW_FILE="true" ENABLE="true" />
      <language id="Docker" NEW_FILE="true" ENABLE="false" />
      <language id="ElasticBeanstalk" NEW_FILE="true" ENABLE="false" />
      <language id="ESLint" NEW_FILE="true" ENABLE="false" />
      <language id="Floobits" NEW_FILE="true" ENABLE="false" />
      <language id="Fossil" NEW_FILE="true" ENABLE="true" />
      <language id="Git" NEW_FILE="true" ENABLE="false" />
      <language id="Git exclude" NEW_FILE="true" ENABLE="false" />
      <language id="Google Cloud" NEW_FILE="true" ENABLE="false" />
      <language id="Kubernetes Helm" NEW_FILE="true" ENABLE="false" />
      <language id="Jetpack" NEW_FILE="true" ENABLE="false" />
      <language id="JSHint" NEW_FILE="true" ENABLE="false" />
      <language id="Mercurial" NEW_FILE="true" ENABLE="false" />
      <language id="Monotone" NEW_FILE="true" ENABLE="true" />
      <language id="Nodemon" NEW_FILE="true" ENABLE="false" />
      <language id="Npm" NEW_FILE="true" ENABLE="false" />
      <language id="NuxtJS" NEW_FILE="true" ENABLE="false" />
      <language id="Perforce" NEW_FILE="true" ENABLE="false" />
      <language id="Prettier" NEW_FILE="true" ENABLE="false" />
      <language id="StyleLint" NEW_FILE="true" ENABLE="false" />
      <language id="Stylint" NEW_FILE="true" ENABLE="false" />
      <language id="Swagger Codegen" NEW_FILE="true" ENABLE="false" />
      <language id="Team Foundation" NEW_FILE="true" ENABLE="true" />
      <language id="Up" NEW_FILE="true" ENABLE="false" />
    </languages>
    <userTemplates>
      <template name="Example user template">### Example user template

# IntelliJ project files
.idea
*.iml
out
gen</template>
    </userTemplates>
  </component>
</application>