<application>
  <component name="GitRememberedInputs">
    <option name="visitedUrls">
      <list>
        <UrlAndUserName>
          <option name="url" value="http://gitlab.levi9.com" />
          <option name="userName" value="r.marinkovic" />
        </UrlAndUserName>
        <UrlAndUserName>
          <option name="url" value="http://git.levi9.com" />
          <option name="userName" value="r.marinkovic" />
        </UrlAndUserName>
        <UrlAndUserName>
          <option name="url" value="http://github.com" />
          <option name="userName" value="alohaaloha" />
        </UrlAndUserName>
        <UrlAndUserName>
          <option name="url" value="https://gitlab.levi9.com/netdialog-netx/netdialog-netx-integration" />
          <option name="userName" value="" />
        </UrlAndUserName>
        <UrlAndUserName>
          <option name="url" value="http://bitbucket.org" />
          <option name="userName" value="rmarinkovic" />
        </UrlAndUserName>
      </list>
    </option>
    <option name="cloneParentDir" value="$USER_HOME$/radomir-marinkovic/random" />
  </component>
  <component name="Vcs.Log.App.Settings">
    <option name="SHOW_CHANGES_FROM_PARENTS" value="true" />
    <option name="SHOW_DIFF_PREVIEW" value="true" />
  </component>
</application>