<keymap version="1" name="macOS copy" parent="Mac OS X 10.5+">
  <action id="ChangesView.Move" />
  <action id="CommentByBlockComment">
    <keyboard-shortcut first-keystroke="shift meta slash" />
  </action>
  <action id="Diff.ApplyLeftSide" />
  <action id="Diff.ApplyRightSide" />
  <action id="Diff.NextChange" />
  <action id="Diff.PrevChange">
    <keyboard-shortcut first-keystroke="shift meta open_bracket" />
  </action>
  <action id="EditorLookupDown" />
  <action id="EditorLookupUp" />
  <action id="GotoAction" />
  <action id="MethodDown" />
  <action id="MethodUp" />
  <action id="NextEditorTab" />
  <action id="NextTab">
    <keyboard-shortcut first-keystroke="ctrl meta right" />
  </action>
  <action id="PreviousEditorTab" />
  <action id="PreviousTab">
    <keyboard-shortcut first-keystroke="ctrl meta left" />
  </action>
  <action id="ShowContent" />
  <action id="Vcs.MoveChangedLinesToChangelist" />
</keymap>